mutation,location
S:D80A,80
S:D215G,215
S:L242X,242
S:H245X,245
S:K417N,417
S:E484K,484
S:N501Y,501
S:D614G,614
S:A701V,701
S:D80A,80
S:D215G,215
S:L242X,242
S:H245X,245
S:K417N,417
S:E484K,484
S:N501Y,501
S:D614G,614
S:A701V,701
S:D80A,80
S:D215G,215
S:E484K,484
S:N501Y,501
S:D614G,614
S:A701V,701
S:D80A,80
S:E484K,484
S:N501Y,501
S:D614G,614
S:A701V,701
S:D80A,80
S:D614G,614
S:A701V,701
S:G769V,769
S:D80A,80
S:E484K,484
S:N501Y,501
S:D614G,614
S:A701V,701
S:L18F,18
S:D80A,80
S:D215G,215
S:L242X,242
S:H245X,245
S:K417N,417
S:E484K,484
S:N501Y,501
S:D614G,614
S:A701V,701
S:L822F,822
S:L18F,18
S:D80A,80
S:D215G,215
S:L242X,242
S:H245X,245
S:K417N,417
S:E484K,484
S:N501Y,501
S:D614G,614
S:A701V,701
S:L18F,18
S:D80A,80
S:D215G,215
S:L242X,242
S:H245X,245
S:K417N,417
S:E484K,484
S:N501Y,501
S:D614G,614
S:A701V,701
S:A903S,903
S:D80A,80
S:D215G,215
S:L242X,242
S:H245X,245
S:K417N,417
S:E484K,484
S:D614G,614
S:A701V,701
S:D80A,80
S:E484K,484
S:N501Y,501
S:D614G,614
S:A701V,701
S:L18F,18
S:D80A,80
S:D215G,215
S:L242X,242
S:H245X,245
S:K417N,417
S:E484K,484
S:N501Y,501
S:D614G,614
S:A701V,701
S:D80A,80
S:D215G,215
S:L242X,242
S:H245X,245
S:K417N,417
S:D614G,614
S:A701V,701
S:D80A,80
S:D215G,215
S:L242X,242
S:H245X,245
S:K417N,417
S:E484K,484
S:N501Y,501
S:D614G,614
S:A701V,701
S:D80A,80
S:D215G,215
S:L242X,242
S:H245X,245
S:K417N,417
S:E484K,484
S:N501Y,501
S:D614G,614
S:A701V,701
S:D80A,80
S:D215G,215
S:L242X,242
S:H245X,245
S:K417N,417
S:E484K,484
S:N501Y,501
S:D614G,614
S:A701V,701
S:D80A,80
S:D215G,215
S:L242X,242
S:H245X,245
S:K417N,417
S:E484K,484
S:N501Y,501
S:D614G,614
S:A701V,701
S:L18F,18
S:D80A,80
S:D215G,215
S:L242X,242
S:H245X,245
S:K417N,417
S:D614G,614
S:A701V,701
S:L18F,18
S:D80A,80
S:D215G,215
S:L242X,242
S:H245X,245
S:K417N,417
S:D614G,614
S:A701V,701
S:D80A,80
S:D215G,215
S:L242X,242
S:H245X,245
S:D614G,614
S:A701V,701
S:L18F,18
S:D80A,80
S:D215G,215
S:L242X,242
S:H245X,245
S:K417N,417
S:D614G,614
S:A701V,701
S:L18F,18
S:D80A,80
S:D215G,215
S:D614G,614
S:A701V,701
S:D215G,215
S:L242X,242
S:H245X,245
S:K417N,417
S:D614G,614
S:A701V,701
S:L18F,18
S:D80A,80
S:D215G,215
S:L242X,242
S:H245X,245
S:K417N,417
S:D614G,614
S:A701V,701
S:L18F,18
S:R78M,78
S:D80A,80
S:D215G,215
S:L242X,242
S:H245X,245
S:K417N,417
S:D614G,614
S:A701V,701
S:D80A,80
S:D215G,215
S:L242X,242
S:H245X,245
S:K417N,417
S:D614G,614
S:A701V,701
S:D80A,80
S:D215G,215
S:L242X,242
S:H245X,245
S:K417N,417
S:D614G,614
S:A701V,701
S:D80A,80
S:D215G,215
S:L242X,242
S:H245X,245
S:K417N,417
S:D614G,614
S:A701V,701
S:D80A,80
S:D215G,215
S:L242X,242
S:H245X,245
S:K417N,417
S:E484K,484
S:N501Y,501
S:D614G,614
S:A701V,701
S:D80A,80
S:D215G,215
S:L242X,242
S:H245X,245
S:K417N,417
S:D614G,614
S:A701V,701
S:D80A,80
S:D215G,215
S:L242X,242
S:H245X,245
S:K417N,417
S:D614G,614
S:A701V,701
S:D80A,80
S:D215G,215
S:L242X,242
S:H245X,245
S:K417N,417
S:E484K,484
S:N501Y,501
S:D614G,614
S:A701V,701
S:D80A,80
S:D215G,215
S:L242X,242
S:H245X,245
S:K417N,417
S:E484K,484
S:N501Y,501
S:D614G,614
S:A701V,701
S:L18F,18
S:D80A,80
S:D215G,215
S:L242X,242
S:H245X,245
S:K417N,417
S:E484K,484
S:N501Y,501
S:D614G,614
S:A701V,701
S:D80A,80
S:D215G,215
S:L242X,242
S:H245X,245
S:K417N,417
S:D614G,614
S:A701V,701
S:L18F,18
S:D80A,80
S:D215G,215
S:L242X,242
S:H245X,245
S:K417N,417
S:D614G,614
S:A701V,701
S:D80A,80
S:D215G,215
S:L242X,242
S:H245X,245
S:K417N,417
S:D614G,614
S:A701V,701
S:D80A,80
S:D215G,215
S:L242X,242
S:H245X,245
S:K417N,417
S:D614G,614
S:A701V,701
S:L18F,18
S:D80A,80
S:D215G,215
S:L242X,242
S:H245X,245
S:K417N,417
S:D614G,614
S:A701V,701
S:L18F,18
S:D80A,80
S:D215G,215
S:L242X,242
S:H245X,245
S:K417N,417
S:D614G,614
S:A701V,701
S:D80A,80
S:D215G,215
S:L242X,242
S:H245X,245
S:K417N,417
S:E484K,484
S:N501Y,501
S:D614G,614
S:A701V,701
S:L18F,18
S:D80A,80
S:D215G,215
S:L242X,242
S:H245X,245
S:K417N,417
S:E484K,484
S:N501Y,501
S:D614G,614
S:A701V,701
S:L18F,18
S:D80A,80
S:D215G,215
S:L242X,242
S:H245X,245
S:K417N,417
S:E484K,484
S:N501Y,501
S:D614G,614
S:A701V,701
S:D80A,80
S:D215G,215
S:L242X,242
S:H245X,245
S:K417N,417
S:E484K,484
S:N501Y,501
S:D614G,614
S:A701V,701
S:L18F,18
S:D80A,80
S:D215G,215
S:L242X,242
S:H245X,245
S:K417N,417
S:E484K,484
S:N501Y,501
S:D614G,614
S:A701V,701
S:D80A,80
S:D215G,215
S:L242X,242
S:H245X,245
S:K417N,417
S:E484K,484
S:N501Y,501
S:D614G,614
S:A701V,701
S:D80A,80
S:L242X,242
S:H245X,245
S:R246I,246
S:K417N,417
S:E484K,484
S:N501Y,501
S:D614G,614
S:A701V,701
S:D80A,80
S:D215G,215
S:L242X,242
S:H245X,245
S:K417N,417
S:E484K,484
S:N501Y,501
S:D614G,614
S:A701V,701
S:D80A,80
S:D215G,215
S:L242X,242
S:H245X,245
S:K417N,417
S:E484K,484
S:D614G,614
S:A701V,701
S:D80A,80
S:D215G,215
S:L242X,242
S:H245X,245
S:K417N,417
S:E484K,484
S:N501Y,501
S:D614G,614
S:A701V,701
S:L18F,18
S:D80A,80
S:D215G,215
S:L242X,242
S:H245X,245
S:K417N,417
S:E484K,484
S:N501Y,501
S:D614G,614
S:A701V,701
S:D80A,80
S:D215G,215
S:L242X,242
S:H245X,245
S:K417N,417
S:E484K,484
S:N501Y,501
S:D614G,614
S:A701V,701
S:D80A,80
S:D215G,215
S:L242X,242
S:H245X,245
S:K417N,417
S:E484K,484
S:N501Y,501
S:D614G,614
S:A701V,701
S:D80A,80
S:D215G,215
S:L242X,242
S:H245X,245
S:K417N,417
S:E484K,484
S:N501Y,501
S:D614G,614
S:A701V,701
S:L18F,18
S:D80A,80
S:D215G,215
S:L242X,242
S:H245X,245
S:K417N,417
S:E484K,484
S:N501Y,501
S:D614G,614
S:A701V,701
S:D80A,80
S:D215G,215
S:L242X,242
S:H245X,245
S:K417N,417
S:E484K,484
S:N501Y,501
S:D614G,614
S:A701V,701
S:D80A,80
S:D215G,215
S:L242X,242
S:H245X,245
S:K417N,417
S:E484K,484
S:N501Y,501
S:D614G,614
S:A701V,701
S:L18F,18
S:D80A,80
S:D215G,215
S:L242X,242
S:H245X,245
S:K417N,417
S:E484K,484
S:N501Y,501
S:D614G,614
S:A701V,701
S:E1182Q,1182
S:L18F,18
S:D80A,80
S:D215G,215
S:L242X,242
S:H245X,245
S:K417N,417
S:E484K,484
S:N501Y,501
S:D614G,614
S:A701V,701
S:E1182Q,1182
S:D80A,80
S:D215G,215
S:L242X,242
S:H245X,245
S:K417N,417
S:E484K,484
S:N501Y,501
S:D614G,614
S:A701V,701
S:D80A,80
S:D215G,215
S:L242X,242
S:H245X,245
S:K417N,417
S:E484K,484
S:N501Y,501
S:D614G,614
S:A701V,701
S:D80A,80
S:D215G,215
S:L242X,242
S:H245X,245
S:K417N,417
S:E484K,484
S:N501Y,501
S:D614G,614
S:A701V,701
S:D80A,80
S:D215G,215
S:L242X,242
S:H245X,245
S:K417N,417
S:E484K,484
S:N501Y,501
S:D614G,614
S:A701V,701
S:A879S,879
S:D80A,80
S:L242X,242
S:H245X,245
S:R246I,246
S:K417N,417
S:E484K,484
S:N501Y,501
S:D614G,614
S:A701V,701
S:D215H,215
S:L242X,242
S:H245X,245
S:K417N,417
S:E484K,484
S:N501Y,501
S:D614G,614
S:A701V,701
S:D80A,80
S:D215G,215
S:L242X,242
S:H245X,245
S:K417N,417
S:E484K,484
S:N501Y,501
S:D614G,614
S:A701V,701
S:D80A,80
S:L242X,242
S:H245X,245
S:R246I,246
S:K417N,417
S:E484K,484
S:N501Y,501
S:D614G,614
S:A701V,701
S:L18F,18
S:D80A,80
S:D215G,215
S:L242X,242
S:H245X,245
S:K417N,417
S:E484K,484
S:N501Y,501
S:D614G,614
S:A701V,701
S:D80A,80
S:D215G,215
S:L242X,242
S:H245X,245
S:K417N,417
S:E484K,484
S:N501Y,501
S:D614G,614
S:A701V,701
S:D80A,80
S:L242X,242
S:H245X,245
S:R246I,246
S:K417N,417
S:E484K,484
S:N501Y,501
S:D614G,614
S:A701V,701
S:D80A,80
S:L242X,242
S:H245X,245
S:R246I,246
S:K417N,417
S:E484K,484
S:N501Y,501
S:D614G,614
S:A701V,701
S:D80A,80
S:D215G,215
S:L242X,242
S:H245X,245
S:K417N,417
S:E484K,484
S:N501Y,501
S:D614G,614
S:A701V,701
S:D80A,80
S:L242X,242
S:H245X,245
S:R246I,246
S:K417N,417
S:E484K,484
S:N501Y,501
S:D614G,614
S:A701V,701
S:E1182D,1182
S:D80A,80
S:L242X,242
S:H245X,245
S:R246I,246
S:K417N,417
S:E484K,484
S:N501Y,501
S:D614G,614
S:A701V,701
S:D80A,80
S:D215G,215
S:L242X,242
S:H245X,245
S:K417N,417
S:E484K,484
S:N501Y,501
S:D614G,614
S:A701V,701
S:D80A,80
S:L242X,242
S:H245X,245
S:R246I,246
S:K417N,417
S:E484K,484
S:N501Y,501
S:D614G,614
S:A701V,701
S:L5F,5
S:D80A,80
S:D215G,215
S:L242X,242
S:H245X,245
S:K417N,417
S:E484K,484
S:N501Y,501
S:D614G,614
S:A701V,701
S:D80A,80
S:D215G,215
S:L242X,242
S:H245X,245
S:K417N,417
S:E484K,484
S:N501Y,501
S:D614G,614
S:A701V,701
S:D80A,80
S:L242X,242
S:H245X,245
S:R246I,246
S:K417N,417
S:E484K,484
S:N501Y,501
S:D614G,614
S:A701V,701
S:D80A,80
S:L242X,242
S:H245X,245
S:R246I,246
S:K417N,417
S:E484K,484
S:N501Y,501
S:D614G,614
S:A701V,701
S:D80A,80
S:L242X,242
S:H245X,245
S:R246I,246
S:K417N,417
S:E484K,484
S:N501Y,501
S:D614G,614
S:A701V,701
S:D80A,80
S:L242X,242
S:H245X,245
S:R246I,246
S:K417N,417
S:E484K,484
S:N501Y,501
S:D614G,614
S:A701V,701
S:D80A,80
S:L242X,242
S:H245X,245
S:R246I,246
S:K417N,417
S:E484K,484
S:N501Y,501
S:D614G,614
S:A701V,701
S:D80A,80
S:D215G,215
S:L242X,242
S:H245X,245
S:R246I,246
S:K417N,417
S:E484K,484
S:N501Y,501
S:D614G,614
S:A701V,701
S:G1219V,1219
S:L18F,18
S:D80A,80
S:D215G,215
S:L242X,242
S:H245X,245
S:K417N,417
S:E484K,484
S:N501Y,501
S:D614G,614
S:A701V,701
S:E1195Q,1195
S:L18F,18
S:D80A,80
S:D215G,215
S:L242X,242
S:H245X,245
S:K417N,417
S:E484K,484
S:N501Y,501
S:D614G,614
S:A701V,701
S:D80A,80
S:L242X,242
S:H245X,245
S:R246I,246
S:K417N,417
S:E484K,484
S:N501Y,501
S:D614G,614
S:A701V,701
S:D80A,80
S:D215G,215
S:L242X,242
S:H245X,245
S:K417N,417
S:E484K,484
S:N501Y,501
S:D614G,614
S:A701V,701
S:D215G,215
S:L242X,242
S:H245X,245
S:K417N,417
S:D614G,614
S:D80A,80
S:L242X,242
S:H245X,245
S:R246I,246
S:K417N,417
S:E484K,484
S:N501Y,501
S:D614G,614
S:A701V,701
S:L5F,5
S:D80A,80
S:D215G,215
S:L242X,242
S:H245X,245
S:K417N,417
S:E484K,484
S:N501Y,501
S:D614G,614
S:A701V,701
S:D80A,80
S:D215G,215
S:L242X,242
S:H245X,245
S:K417N,417
S:E484K,484
S:N501Y,501
S:D614G,614
S:A701V,701
S:D80A,80
S:D215G,215
S:L242X,242
S:H245X,245
S:K417N,417
S:E484K,484
S:N501Y,501
S:D614G,614
S:A701V,701
S:D80A,80
S:D215G,215
S:L242X,242
S:H245X,245
S:K417N,417
S:E484K,484
S:N501Y,501
S:D614G,614
S:A701V,701
S:D80A,80
S:D215G,215
S:L242X,242
S:H245X,245
S:K417N,417
S:E484K,484
S:N501Y,501
S:D614G,614
S:A701V,701
S:L18F,18
S:D80A,80
S:D215G,215
S:L242X,242
S:H245X,245
S:K417N,417
S:E484K,484
S:N501Y,501
S:D614G,614
S:A701V,701
S:D80A,80
S:L242X,242
S:H245X,245
S:R246I,246
S:K417N,417
S:E484K,484
S:N501Y,501
S:D614G,614
S:A701V,701
S:D80A,80
S:D215G,215
S:L242X,242
S:H245X,245
S:K417N,417
S:E484K,484
S:N501Y,501
S:D614G,614
S:A701V,701
S:D80A,80
S:L242X,242
S:H245X,245
S:R246I,246
S:K417N,417
S:E484K,484
S:N501Y,501
S:D614G,614
S:A701V,701
S:D80A,80
S:L242X,242
S:H245X,245
S:R246I,246
S:K417N,417
S:E484K,484
S:N501Y,501
S:D614G,614
S:A701V,701
S:D80A,80
S:L242X,242
S:H245X,245
S:R246I,246
S:K417N,417
S:E484K,484
S:N501Y,501
S:D614G,614
S:A701V,701
S:D80A,80
S:D215G,215
S:L242X,242
S:H245X,245
S:K417N,417
S:E484K,484
S:N501Y,501
S:D614G,614
S:A701V,701
S:D80A,80
S:L242X,242
S:H245X,245
S:R246I,246
S:K417N,417
S:E484K,484
S:N501Y,501
S:D614G,614
S:A701V,701
S:D80A,80
S:L242X,242
S:H245X,245
S:R246I,246
S:K417N,417
S:E484K,484
S:N501Y,501
S:D614G,614
S:A701V,701
S:D80A,80
S:L242X,242
S:H245X,245
S:R246I,246
S:K417N,417
S:E484K,484
S:N501Y,501
S:D614G,614
S:A701V,701
S:D80A,80
S:L242X,242
S:H245X,245
S:R246I,246
S:K417N,417
S:E484K,484
S:N501Y,501
S:D614G,614
S:A701V,701
S:D80A,80
S:D215G,215
S:L242X,242
S:H245X,245
S:K417N,417
S:E484K,484
S:N501Y,501
S:D614G,614
S:A701V,701
S:D80A,80
S:D215G,215
S:L242X,242
S:H245X,245
S:K417N,417
S:E484K,484
S:N501Y,501
S:D614G,614
S:A701V,701
S:D80A,80
S:L242X,242
S:H245X,245
S:R246I,246
S:K417N,417
S:E484K,484
S:N501Y,501
S:D614G,614
S:A701V,701
S:D80A,80
S:L242X,242
S:H245X,245
S:R246I,246
S:K417N,417
S:E484K,484
S:N501Y,501
S:D614G,614
S:A701V,701
S:D80A,80
S:D215G,215
S:L242X,242
S:H245X,245
S:K417N,417
S:E484K,484
S:N501Y,501
S:D614G,614
S:A701V,701
S:D80A,80
S:L242X,242
S:H245X,245
S:R246I,246
S:K417N,417
S:E484K,484
S:D614G,614
S:A701V,701
S:L18F,18
S:D80A,80
S:D215G,215
S:L242X,242
S:H245X,245
S:K417N,417
S:E484K,484
S:N501Y,501
S:D614G,614
S:A701V,701
S:L18F,18
S:D80A,80
S:D215G,215
S:L242X,242
S:H245X,245
S:K417N,417
S:E484K,484
S:N501Y,501
S:D614G,614
S:A701V,701
S:E1195Q,1195
S:D80A,80
S:D215G,215
S:L242X,242
S:H245X,245
S:K417N,417
S:E484K,484
S:N501Y,501
S:D614G,614
S:A701V,701
S:D80A,80
S:L242X,242
S:H245X,245
S:R246I,246
S:K417N,417
S:E484K,484
S:N501Y,501
S:D614G,614
S:A701V,701
S:L18F,18
S:D80A,80
S:D215G,215
S:L242X,242
S:H245X,245
S:K417N,417
S:E484K,484
S:N501Y,501
S:D614G,614
S:A701V,701
S:D80A,80
S:D215G,215
S:L242X,242
S:H245X,245
S:K417N,417
S:D614G,614
S:A701V,701
S:D80A,80
S:L242X,242
S:H245X,245
S:R246I,246
S:K417N,417
S:E484K,484
S:N501Y,501
S:D614G,614
S:A701V,701
S:G1223S,1223
S:L5F,5
S:D80A,80
S:V171F,171
S:D215G,215
S:L242X,242
S:H245X,245
S:K417N,417
S:E484K,484
S:N501Y,501
S:D614G,614
S:A701V,701
S:D80A,80
S:D215G,215
S:L242X,242
S:H245X,245
S:K417N,417
S:E484K,484
S:N501Y,501
S:D614G,614
S:A701V,701
S:D80A,80
S:L242X,242
S:H245X,245
S:R246I,246
S:K417N,417
S:E484K,484
S:N501Y,501
S:D614G,614
S:A701V,701
S:D80A,80
S:D215G,215
S:L242X,242
S:H245X,245
S:K417N,417
S:E484K,484
S:N501Y,501
S:D614G,614
S:A701V,701
S:D80A,80
S:D215G,215
S:L242X,242
S:H245X,245
S:K417N,417
S:E484K,484
S:N501Y,501
S:D614G,614
S:A701V,701
S:D80A,80
S:D215G,215
S:L242X,242
S:H245X,245
S:K417N,417
S:N501Y,501
S:D614G,614
S:A701V,701
S:L18F,18
S:D80A,80
S:D215G,215
S:L242X,242
S:H245X,245
S:K417N,417
S:E484K,484
S:N501Y,501
S:D614G,614
S:A701V,701
S:D80A,80
S:L242X,242
S:H245X,245
S:R246I,246
S:K417N,417
S:E484K,484
S:N501Y,501
S:D614G,614
S:A701V,701
S:D80A,80
S:L242X,242
S:H245X,245
S:R246I,246
S:K417N,417
S:E484K,484
S:N501Y,501
S:D614G,614
S:A701V,701
S:L5F,5
S:D80A,80
S:D215G,215
S:L242X,242
S:H245X,245
S:K417N,417
S:E484K,484
S:N501Y,501
S:D614G,614
S:A701V,701
S:D80A,80
S:D215G,215
S:L242X,242
S:H245X,245
S:K417N,417
S:E484K,484
S:N501Y,501
S:D614G,614
S:A701V,701
S:D80A,80
S:D215G,215
S:L242X,242
S:H245X,245
S:K417N,417
S:E484K,484
S:N501Y,501
S:D614G,614
S:A701V,701
S:D80A,80
S:D215G,215
S:L242X,242
S:H245X,245
S:K417N,417
S:E484K,484
S:N501Y,501
S:D614G,614
S:A701V,701
S:L18F,18
S:D80A,80
S:D215G,215
S:L242X,242
S:H245X,245
S:K417N,417
S:E484K,484
S:N501Y,501
S:D614G,614
S:A701V,701
S:D80A,80
S:D215G,215
S:L242X,242
S:H245X,245
S:K417N,417
S:E484K,484
S:N501Y,501
S:D614G,614
S:A701V,701
S:L18F,18
S:D80A,80
S:D215G,215
S:L242X,242
S:H245X,245
S:K417N,417
S:E484K,484
S:N501Y,501
S:D614G,614
S:A701V,701
S:D80A,80
S:D215G,215
S:L242X,242
S:H245X,245
S:K417N,417
S:E484K,484
S:N501Y,501
S:D614G,614
S:A701V,701
S:D80A,80
S:L242X,242
S:H245X,245
S:R246I,246
S:K417N,417
S:E484K,484
S:N501Y,501
S:D614G,614
S:A701V,701
S:D80A,80
S:D215G,215
S:L242X,242
S:H245X,245
S:K417N,417
S:E484K,484
S:N501Y,501
S:D614G,614
S:A701V,701
S:D80A,80
S:D215G,215
S:L242X,242
S:H245X,245
S:K417N,417
S:E484K,484
S:N501Y,501
S:D614G,614
S:A701V,701
S:D80A,80
S:L242X,242
S:H245X,245
S:R246I,246
S:K417N,417
S:E484K,484
S:N501Y,501
S:D614G,614
S:A701V,701
S:D80A,80
S:L242X,242
S:H245X,245
S:R246I,246
S:K417N,417
S:E484K,484
S:N501Y,501
S:D614G,614
S:A701V,701
S:D80A,80
S:D215G,215
S:L242X,242
S:H245X,245
S:K417N,417
S:E484K,484
S:N501Y,501
S:D614G,614
S:A701V,701
S:L18F,18
S:D80A,80
S:D215G,215
S:L242X,242
S:H245X,245
S:K417N,417
S:E484K,484
S:N501Y,501
S:D614G,614
S:A701V,701
S:V1176F,1176
S:E1195Q,1195
S:L18F,18
S:D80A,80
S:D215G,215
S:L242X,242
S:H245X,245
S:K417N,417
S:E484K,484
S:N501Y,501
S:D614G,614
S:A701V,701
S:D80A,80
S:D215G,215
S:L242X,242
S:H245X,245
S:K417N,417
S:E484K,484
S:N501Y,501
S:D614G,614
S:A701V,701
S:D80A,80
S:D215G,215
S:L242X,242
S:H245X,245
S:K417N,417
S:E484K,484
S:N501Y,501
S:D614G,614
S:A701V,701
S:D80A,80
S:L242X,242
S:H245X,245
S:R246I,246
S:K417N,417
S:E484K,484
S:N501Y,501
S:D614G,614
S:A701V,701
S:L18F,18
S:D80A,80
S:D215G,215
S:L242X,242
S:H245X,245
S:K417N,417
S:E484K,484
S:N501Y,501
S:D614G,614
S:A701V,701
S:D80A,80
S:L242X,242
S:H245X,245
S:R246I,246
S:K417N,417
S:E484K,484
S:N501Y,501
S:D614G,614
S:A701V,701
S:D80A,80
S:D215G,215
S:L242X,242
S:H245X,245
S:K417N,417
S:E484K,484
S:N501Y,501
S:D614G,614
S:A701V,701
S:D80A,80
S:D215G,215
S:L242X,242
S:H245X,245
S:K417N,417
S:E484K,484
S:N501Y,501
S:D614G,614
S:A701V,701
S:L18F,18
S:D80A,80
S:D215G,215
S:L242X,242
S:H245X,245
S:K417N,417
S:E484K,484
S:N501Y,501
S:D614G,614
S:A701V,701
S:E1195Q,1195
S:D80A,80
S:D215G,215
S:L242X,242
S:H245X,245
S:K417N,417
S:E484K,484
S:N501Y,501
S:D614G,614
S:A701V,701
S:D80A,80
S:D215G,215
S:L242X,242
S:H245X,245
S:K417N,417
S:E484K,484
S:N501Y,501
S:D614G,614
S:A701V,701
S:D80A,80
S:L242X,242
S:H245X,245
S:R246I,246
S:K417N,417
S:E484K,484
S:N501Y,501
S:D614G,614
S:A701V,701
S:L18F,18
S:D80A,80
S:D215G,215
S:L242X,242
S:H245X,245
S:S305T,305
S:K417N,417
S:E484K,484
S:N501Y,501
S:D614G,614
S:A701V,701
S:D80A,80
S:D215G,215
S:L242X,242
S:H245X,245
S:K417N,417
S:E484K,484
S:N501Y,501
S:D614G,614
S:A701V,701
S:D80A,80
S:D215G,215
S:L242X,242
S:H245X,245
S:K417N,417
S:E484K,484
S:N501Y,501
S:D614G,614
S:A701V,701
S:D80A,80
S:L242X,242
S:H245X,245
S:R246I,246
S:K417N,417
S:E484K,484
S:N501Y,501
S:D614G,614
S:A701V,701
S:D80A,80
S:L242X,242
S:H245X,245
S:R246I,246
S:K417N,417
S:E484K,484
S:N501Y,501
S:D614G,614
S:A701V,701
S:D80A,80
S:L242X,242
S:H245X,245
S:R246I,246
S:K417N,417
S:E484K,484
S:N501Y,501
S:D614G,614
S:A701V,701
S:D80A,80
S:L242X,242
S:H245X,245
S:R246I,246
S:K417N,417
S:E484K,484
S:N501Y,501
S:D614G,614
S:A701V,701
S:D80A,80
S:L242X,242
S:H245X,245
S:R246I,246
S:K417N,417
S:E484K,484
S:N501Y,501
S:D614G,614
S:A701V,701
S:D80A,80
S:L242X,242
S:H245X,245
S:R246I,246
S:K417N,417
S:E484K,484
S:N501Y,501
S:D614G,614
S:A701V,701
S:D80A,80
S:L242X,242
S:H245X,245
S:R246I,246
S:K417N,417
S:E484K,484
S:N501Y,501
S:D614G,614
S:A701V,701
S:D80A,80
S:L242X,242
S:H245X,245
S:R246I,246
S:K417N,417
S:E484K,484
S:N501Y,501
S:D614G,614
S:A701V,701
S:D80A,80
S:L242X,242
S:H245X,245
S:R246I,246
S:K417N,417
S:E484K,484
S:N501Y,501
S:D614G,614
S:A701V,701
S:D80A,80
S:L242X,242
S:H245X,245
S:R246I,246
S:K417N,417
S:E484K,484
S:N501Y,501
S:D614G,614
S:A701V,701
S:D80A,80
S:L242X,242
S:H245X,245
S:R246I,246
S:K417N,417
S:E484K,484
S:N501Y,501
S:D614G,614
S:A701V,701
S:D80A,80
S:L242X,242
S:H245X,245
S:R246I,246
S:K417N,417
S:E484K,484
S:N501Y,501
S:D614G,614
S:A701V,701
S:D80A,80
S:L242X,242
S:H245X,245
S:R246I,246
S:K417N,417
S:E484K,484
S:N501Y,501
S:D614G,614
S:A701V,701
S:D80A,80
S:L242X,242
S:H245X,245
S:R246I,246
S:K417N,417
S:E484K,484
S:N501Y,501
S:D614G,614
S:A701V,701
S:D80A,80
S:L242X,242
S:H245X,245
S:R246I,246
S:K417N,417
S:E484K,484
S:N501Y,501
S:D614G,614
S:A701V,701
S:D80A,80
S:L242X,242
S:H245X,245
S:R246I,246
S:K417N,417
S:E484K,484
S:N501Y,501
S:D614G,614
S:A701V,701
S:A892V,892
S:D80A,80
S:L242X,242
S:H245X,245
S:R246I,246
S:K417N,417
S:E484K,484
S:N501Y,501
S:D614G,614
S:A701V,701
S:D80A,80
S:L242X,242
S:H245X,245
S:R246I,246
S:K417N,417
S:E484K,484
S:N501Y,501
S:D614G,614
S:A701V,701
S:D80A,80
S:D215G,215
S:L242X,242
S:H245X,245
S:K417N,417
S:E484K,484
S:N501Y,501
S:D614G,614
S:A701V,701
S:D80A,80
S:L242X,242
S:H245X,245
S:R246I,246
S:K417N,417
S:E484K,484
S:N501Y,501
S:D614G,614
S:A701V,701
S:D80A,80
S:L242X,242
S:H245X,245
S:R246I,246
S:K417N,417
S:E484K,484
S:N501Y,501
S:D614G,614
S:A701V,701
S:D80A,80
S:L242X,242
S:H245X,245
S:R246I,246
S:K417N,417
S:E484K,484
S:N501Y,501
S:D614G,614
S:A701V,701
S:D80A,80
S:L242X,242
S:H245X,245
S:R246I,246
S:K417N,417
S:E484K,484
S:N501Y,501
S:D614G,614
S:A701V,701
S:D80A,80
S:L242X,242
S:H245X,245
S:R246I,246
S:K417N,417
S:E484K,484
S:N501Y,501
S:D614G,614
S:A701V,701
S:I1227V,1227
S:D80A,80
S:L242X,242
S:H245X,245
S:R246I,246
S:K417N,417
S:E484K,484
S:N501Y,501
S:D614G,614
S:A701V,701
S:D80A,80
S:L242X,242
S:H245X,245
S:R246I,246
S:K417N,417
S:E484K,484
S:N501Y,501
S:D614G,614
S:A701V,701
S:D80A,80
S:L242X,242
S:H245X,245
S:R246I,246
S:K417N,417
S:E484K,484
S:N501Y,501
S:D614G,614
S:A701V,701
S:D80A,80
S:L242X,242
S:H245X,245
S:R246I,246
S:K417N,417
S:E484K,484
S:N501Y,501
S:D614G,614
S:A701V,701
S:D80A,80
S:L242X,242
S:H245X,245
S:R246I,246
S:K417N,417
S:E484K,484
S:N501Y,501
S:D614G,614
S:A701V,701
S:D80A,80
S:L242X,242
S:H245X,245
S:R246I,246
S:K417N,417
S:E484K,484
S:N501Y,501
S:D614G,614
S:A701V,701
S:D80A,80
S:D215G,215
S:L242X,242
S:H245X,245
S:K417N,417
S:E484K,484
S:N501Y,501
S:D614G,614
S:A701V,701
S:D80A,80
S:L242X,242
S:H245X,245
S:R246I,246
S:K417N,417
S:E484K,484
S:N501Y,501
S:D614G,614
S:A701V,701
S:D80A,80
S:L242X,242
S:H245X,245
S:R246I,246
S:K417N,417
S:E484K,484
S:N501Y,501
S:D614G,614
S:A701V,701
S:D80A,80
S:L242X,242
S:H245X,245
S:R246I,246
S:K417N,417
S:E484K,484
S:N501Y,501
S:D614G,614
S:A701V,701
S:D80A,80
S:L242X,242
S:H245X,245
S:R246I,246
S:K417N,417
S:E484K,484
S:N501Y,501
S:D614G,614
S:A701V,701
S:D80A,80
S:L242X,242
S:H245X,245
S:R246I,246
S:K417N,417
S:E484K,484
S:N501Y,501
S:D614G,614
S:A701V,701
S:D80A,80
S:D215G,215
S:L242X,242
S:H245X,245
S:K417N,417
S:E484K,484
S:N501Y,501
S:D614G,614
S:A701V,701
S:D80A,80
S:L242X,242
S:H245X,245
S:R246I,246
S:S247N,247
S:K417N,417
S:E484K,484
S:N501Y,501
S:D614G,614
S:A701V,701
S:D80A,80
S:L242X,242
S:H245X,245
S:R246I,246
S:K417N,417
S:E484K,484
S:N501Y,501
S:D614G,614
S:A701V,701
S:D80A,80
S:L242X,242
S:H245X,245
S:R246I,246
S:K417N,417
S:E484K,484
S:N501Y,501
S:D614G,614
S:A701V,701
S:I1227V,1227
S:D80A,80
S:L242X,242
S:H245X,245
S:R246I,246
S:K417N,417
S:E484K,484
S:N501Y,501
S:D614G,614
S:A701V,701
S:D80A,80
S:D215G,215
S:L242X,242
S:H245X,245
S:K417N,417
S:E484K,484
S:N501Y,501
S:D614G,614
S:A701V,701
S:D80A,80
S:D215G,215
S:L242X,242
S:H245X,245
S:K417N,417
S:E484K,484
S:N501Y,501
S:D614G,614
S:A701V,701
S:L18F,18
S:D80A,80
S:D215G,215
S:L242X,242
S:H245X,245
S:K417N,417
S:E484K,484
S:N501Y,501
S:D614G,614
S:A701V,701
S:L18F,18
S:D80A,80
S:D215G,215
S:L242X,242
S:H245X,245
S:K417N,417
S:E484K,484
S:N501Y,501
S:D614G,614
S:A701V,701
S:D80A,80
S:D215G,215
S:L242X,242
S:H245X,245
S:K417N,417
S:E484K,484
S:N501Y,501
S:D614G,614
S:A701V,701
S:D80A,80
S:D215G,215
S:L242X,242
S:H245X,245
S:K417N,417
S:E484K,484
S:N501Y,501
S:D614G,614
S:A701V,701
S:E1150Q,1150
S:D215H,215
S:L242X,242
S:H245X,245
S:K417N,417
S:E484K,484
S:N501Y,501
S:D614G,614
S:A701V,701
S:D80A,80
S:D215G,215
S:L242X,242
S:H245X,245
S:K417N,417
S:E484K,484
S:N501Y,501
S:D614G,614
S:A701V,701
S:D80A,80
S:D215G,215
S:L242X,242
S:H245X,245
S:K417N,417
S:E484K,484
S:N501Y,501
S:D614G,614
S:A701V,701
S:D80A,80
S:L242X,242
S:H245X,245
S:R246I,246
S:K417N,417
S:E484K,484
S:N501Y,501
S:D614G,614
S:A701V,701
S:D80A,80
S:R214L,214
S:D215G,215
S:L242X,242
S:H245X,245
S:K417N,417
S:E484K,484
S:N501Y,501
S:D614G,614
S:A701V,701
S:D80A,80
S:D215G,215
S:L242X,242
S:H245X,245
S:K417N,417
S:E484K,484
S:N501Y,501
S:D614G,614
S:A701V,701
S:D80A,80
S:D215G,215
S:L242X,242
S:H245X,245
S:K417N,417
S:E484K,484
S:N501Y,501
S:D614G,614
S:A701V,701
S:L18F,18
S:D80A,80
S:D215G,215
S:L242X,242
S:H245X,245
S:K417N,417
S:E484K,484
S:N501Y,501
S:D614G,614
S:A701V,701
S:L822F,822
S:L18F,18
S:D80A,80
S:V193L,193
S:D215G,215
S:L242X,242
S:H245X,245
S:K417N,417
S:E484K,484
S:N501Y,501
S:D614G,614
S:A701V,701
S:D80A,80
S:L242X,242
S:H245X,245
S:R246I,246
S:K417N,417
S:E484K,484
S:N501Y,501
S:D614G,614
S:A701V,701
S:L18F,18
S:D80A,80
S:D215G,215
S:L242X,242
S:H245X,245
S:K417N,417
S:E484K,484
S:N501Y,501
S:D614G,614
S:A701V,701
S:D80A,80
S:D215G,215
S:L242X,242
S:H245X,245
S:K417N,417
S:E484K,484
S:N501Y,501
S:D614G,614
S:A701V,701
S:D80A,80
S:D215G,215
S:L242X,242
S:H245X,245
S:K417N,417
S:E484K,484
S:N501Y,501
S:D614G,614
S:A701V,701
S:L18F,18
S:D80A,80
S:D215G,215
S:L242X,242
S:H245X,245
S:K417N,417
S:E484K,484
S:N501Y,501
S:D614G,614
S:A701V,701
S:D80A,80
S:L242X,242
S:H245X,245
S:R246I,246
S:K417N,417
S:E484K,484
S:N501Y,501
S:D614G,614
S:A701V,701
S:D80A,80
S:L242X,242
S:H245X,245
S:R246I,246
S:K417N,417
S:E484K,484
S:N501Y,501
S:D614G,614
S:A701V,701
S:D80A,80
S:D215H,215
S:L242X,242
S:H245X,245
S:K417N,417
S:E484K,484
S:N501Y,501
S:D614G,614
S:A701V,701
S:D80A,80
S:D215G,215
S:L242X,242
S:H245X,245
S:K417N,417
S:E484K,484
S:N501Y,501
S:D614G,614
S:A701V,701
S:D80A,80
S:D215G,215
S:L242X,242
S:H245X,245
S:K417N,417
S:E484K,484
S:N501Y,501
S:D614G,614
S:A701V,701
S:D215H,215
S:L242X,242
S:H245X,245
S:K417N,417
S:E484K,484
S:N501Y,501
S:D614G,614
S:A701V,701
S:L18F,18
S:D80A,80
S:D215G,215
S:L242X,242
S:H245X,245
S:K417N,417
S:E484K,484
S:N501Y,501
S:D614G,614
S:A701V,701
S:L18F,18
S:D80A,80
S:D215G,215
S:L242X,242
S:H245X,245
S:K417N,417
S:E484K,484
S:N501Y,501
S:D614G,614
S:A701V,701
S:L18F,18
S:D80A,80
S:D215G,215
S:Q239L,239
S:L242X,242
S:H245X,245
S:K417N,417
S:E484K,484
S:N501Y,501
S:D614G,614
S:A701V,701
S:L18F,18
S:D80A,80
S:D215G,215
S:L242X,242
S:H245X,245
S:K417N,417
S:E484K,484
S:N501Y,501
S:D614G,614
S:A701V,701
S:D80A,80
S:D215G,215
S:L242X,242
S:H245X,245
S:K417N,417
S:E484K,484
S:N501Y,501
S:D614G,614
S:A701V,701
S:E702V,702
S:D80A,80
S:D215G,215
S:L242X,242
S:H245X,245
S:K417N,417
S:E484K,484
S:N501Y,501
S:D614G,614
S:A701V,701
S:L18F,18
S:D80A,80
S:D215G,215
S:L242X,242
S:H245X,245
S:R246I,246
S:K417N,417
S:E484K,484
S:N501Y,501
S:D614G,614
S:A701V,701
S:D80A,80
S:D215G,215
S:L242X,242
S:H245X,245
S:K417N,417
S:E484K,484
S:N501Y,501
S:D614G,614
S:A701V,701
S:L18F,18
S:D80A,80
S:D215G,215
S:L242X,242
S:H245X,245
S:K417N,417
S:E484K,484
S:N501Y,501
S:D614G,614
S:A701V,701
S:L18F,18
S:D80A,80
S:D215G,215
S:L242X,242
S:H245X,245
S:K417N,417
S:E484K,484
S:N501Y,501
S:D614G,614
S:A701V,701
S:L18F,18
S:D80A,80
S:D215G,215
S:L242X,242
S:H245X,245
S:K417N,417
S:E484K,484
S:N501Y,501
S:D614G,614
S:A701V,701
S:L18F,18
S:D80A,80
S:D215G,215
S:L242X,242
S:H245X,245
S:K417N,417
S:E484K,484
S:N501Y,501
S:P521S,521
S:D614G,614
S:A701V,701
S:A1020S,1020
S:D80A,80
S:D215G,215
S:L242X,242
S:H245X,245
S:K417N,417
S:E484K,484
S:N501Y,501
S:D614G,614
S:A701V,701
S:L18F,18
S:D80A,80
S:D215G,215
S:L242X,242
S:H245X,245
S:K417N,417
S:E484K,484
S:D614G,614
S:A701V,701
S:D80A,80
S:D215G,215
S:L242X,242
S:H245X,245
S:K417N,417
S:E484K,484
S:N501Y,501
S:D614G,614
S:A688S,688
S:A701V,701
S:L18F,18
S:D80A,80
S:D215G,215
S:L242X,242
S:H245X,245
S:K417N,417
S:E484K,484
S:N501Y,501
S:D614G,614
S:A701V,701
S:D80A,80
S:D215G,215
S:L242X,242
S:H245X,245
S:K417N,417
S:E484K,484
S:N501Y,501
S:D614G,614
S:A688S,688
S:A701V,701
S:L18F,18
S:D80A,80
S:D215G,215
S:L242X,242
S:H245X,245
S:K417N,417
S:E484K,484
S:N501Y,501
S:D614G,614
S:A701V,701
S:L18F,18
S:D80A,80
S:D215G,215
S:L242X,242
S:H245X,245
S:K417N,417
S:E484K,484
S:N501Y,501
S:D614G,614
S:A701V,701
S:D80A,80
S:D215G,215
S:L242X,242
S:H245X,245
S:K417N,417
S:E484K,484
S:N501Y,501
S:D614G,614
S:A701V,701
S:D80A,80
S:D215G,215
S:L242X,242
S:H245X,245
S:K417N,417
S:E484K,484
S:N501Y,501
S:D614G,614
S:A701V,701
S:A27S,27
S:D80A,80
S:D215G,215
S:L242X,242
S:H245X,245
S:K417N,417
S:E484K,484
S:N501Y,501
S:D614G,614
S:A701V,701
S:D80A,80
S:D215G,215
S:L242X,242
S:H245X,245
S:K417N,417
S:E484K,484
S:N501Y,501
S:D614G,614
S:A701V,701
S:D80A,80
S:D215G,215
S:L242X,242
S:H245X,245
S:K417N,417
S:E484K,484
S:N501Y,501
S:D614G,614
S:A701V,701
S:D80A,80
S:D215G,215
S:L242X,242
S:H245X,245
S:K417N,417
S:E484K,484
S:N501Y,501
S:D614G,614
S:A701V,701
S:D80A,80
S:D215G,215
S:L242X,242
S:H245X,245
S:K417N,417
S:E484K,484
S:N501Y,501
S:D614G,614
S:A701V,701
S:D80A,80
S:D215G,215
S:L242X,242
S:H245X,245
S:K417N,417
S:E484K,484
S:N501Y,501
S:D614G,614
S:A701V,701
S:L18F,18
S:D80A,80
S:D215G,215
S:L242X,242
S:H245X,245
S:K417N,417
S:E484K,484
S:N501Y,501
S:D614G,614
S:A701V,701
S:D80A,80
S:D215G,215
S:L242X,242
S:H245X,245
S:K417N,417
S:E484K,484
S:N501Y,501
S:D614G,614
S:A701V,701
S:D80A,80
S:D215G,215
S:L242X,242
S:H245X,245
S:K417N,417
S:E484K,484
S:N501Y,501
S:D614G,614
S:A701V,701
S:L18F,18
S:D80A,80
S:D215G,215
S:L242X,242
S:H245X,245
S:K417N,417
S:E484K,484
S:N501Y,501
S:D614G,614
S:A701V,701
S:D80A,80
S:D215G,215
S:L242X,242
S:H245X,245
S:K417N,417
S:E484K,484
S:N501Y,501
S:D614G,614
S:A701V,701
S:L18F,18
S:D80A,80
S:D215G,215
S:L242X,242
S:H245X,245
S:K417N,417
S:E484K,484
S:N501Y,501
S:D614G,614
S:A701V,701
S:L18F,18
S:D80A,80
S:D215G,215
S:L242X,242
S:H245X,245
S:K417N,417
S:E484K,484
S:N501Y,501
S:D614G,614
S:A701V,701
S:L18F,18
S:D80A,80
S:T108N,108
S:D215G,215
S:L242X,242
S:H245X,245
S:K417N,417
S:E484K,484
S:N501Y,501
S:D614G,614
S:A701V,701
S:D80A,80
S:D215G,215
S:L242X,242
S:H245X,245
S:K417N,417
S:E484K,484
S:N501Y,501
S:D614G,614
S:A701V,701
S:L18F,18
S:D80A,80
S:D215G,215
S:L242X,242
S:H245X,245
S:K417N,417
S:E484K,484
S:N501Y,501
S:D614G,614
S:A701V,701
S:L18F,18
S:D80A,80
S:D215G,215
S:L242X,242
S:H245X,245
S:K417N,417
S:E484K,484
S:N501Y,501
S:D614G,614
S:A701V,701
S:D80A,80
S:D215G,215
S:L242X,242
S:H245X,245
S:K417N,417
S:E484K,484
S:N501Y,501
S:D614G,614
S:A701V,701
S:D80A,80
S:D215G,215
S:L242X,242
S:H245X,245
S:K417N,417
S:E484K,484
S:N501Y,501
S:D614G,614
S:A701V,701
S:D80A,80
S:D215G,215
S:L242X,242
S:H245X,245
S:K417N,417
S:E484K,484
S:N501Y,501
S:D614G,614
S:A701V,701
S:L18F,18
S:D80A,80
S:D215G,215
S:L242X,242
S:H245X,245
S:K417N,417
S:E484K,484
S:N501Y,501
S:D614G,614
S:A701V,701
S:P812S,812
S:L18F,18
S:D80A,80
S:D215G,215
S:L242X,242
S:H245X,245
S:K417N,417
S:E484K,484
S:N501Y,501
S:D614G,614
S:A701V,701
S:D80A,80
S:D215G,215
S:L242X,242
S:H245X,245
S:K417N,417
S:E484K,484
S:N501Y,501
S:D614G,614
S:A701V,701
S:D80A,80
S:D215G,215
S:L242X,242
S:H245X,245
S:K417N,417
S:E484K,484
S:N501Y,501
S:D614G,614
S:A701V,701
S:L18F,18
S:D80A,80
S:D215G,215
S:L242X,242
S:H245X,245
S:K417N,417
S:E484K,484
S:N501Y,501
S:D614G,614
S:A701V,701
S:L18F,18
S:D80A,80
S:D215G,215
S:L242X,242
S:H245X,245
S:K417N,417
S:E484K,484
S:N501Y,501
S:D614G,614
S:A701V,701
S:D80A,80
S:D215G,215
S:L242X,242
S:H245X,245
S:K417N,417
S:E484K,484
S:N501Y,501
S:D614G,614
S:A701V,701
S:D80A,80
S:D215G,215
S:L242X,242
S:H245X,245
S:K417N,417
S:E484K,484
S:N501Y,501
S:D614G,614
S:A688V,688
S:A701V,701
S:L18F,18
S:D80A,80
S:D215G,215
S:L242X,242
S:H245X,245
S:K417N,417
S:E484K,484
S:N501Y,501
S:D614G,614
S:A701V,701
S:D80A,80
S:D215G,215
S:L242X,242
S:H245X,245
S:K417N,417
S:E484K,484
S:N501Y,501
S:D614G,614
S:A701V,701
S:D80A,80
S:D215G,215
S:L242X,242
S:H245X,245
S:S316F,316
S:K417N,417
S:E484K,484
S:N501Y,501
S:D614G,614
S:A701V,701
S:D80A,80
S:D215G,215
S:L242X,242
S:H245X,245
S:K417N,417
S:E484K,484
S:N501Y,501
S:D614G,614
S:A701V,701
S:D215G,215
S:L242X,242
S:H245X,245
S:K417N,417
S:D614G,614
S:A701V,701
S:L18F,18
S:D80A,80
S:D215G,215
S:L242X,242
S:H245X,245
S:K417N,417
S:E484K,484
S:N501Y,501
S:D614G,614
S:A701V,701
S:D80A,80
S:D215G,215
S:L242X,242
S:H245X,245
S:K417N,417
S:E484K,484
S:P521L,521
S:D614G,614
S:A701V,701
S:D80A,80
S:D215G,215
S:L242X,242
S:H245X,245
S:K417N,417
S:N501Y,501
S:D614G,614
S:A701V,701
S:D80A,80
S:D215G,215
S:L242X,242
S:H245X,245
S:K417N,417
S:D614G,614
S:A701V,701
S:D80A,80
S:D215G,215
S:L242X,242
S:H245X,245
S:F318L,318
S:K417N,417
S:E484K,484
S:N501Y,501
S:D614G,614
S:A701V,701
S:D80A,80
S:D215G,215
S:L242X,242
S:H245X,245
S:K417N,417
S:E484K,484
S:N501Y,501
S:D614G,614
S:A701V,701
S:L18F,18
S:D80A,80
S:D215G,215
S:L242X,242
S:H245X,245
S:K417N,417
S:E484K,484
S:N501Y,501
S:D614G,614
S:A701V,701
S:L18F,18
S:D215G,215
S:L242X,242
S:H245X,245
S:K417N,417
S:E484K,484
S:N501Y,501
S:D614G,614
S:A701V,701
S:L18F,18
S:D215G,215
S:T240X,240
S:A243X,243
S:H245X,245
S:D614G,614
S:A701V,701
S:D80A,80
S:L242X,242
S:H245X,245
S:K417N,417
S:E484K,484
S:N501Y,501
S:D614G,614
S:A701V,701
S:D80A,80
S:D215G,215
S:L242X,242
S:H245X,245
S:K417N,417
S:E484K,484
S:N501Y,501
S:D614G,614
S:A701V,701
S:W1217C,1217
S:D80A,80
S:D215G,215
S:L242X,242
S:H245X,245
S:K417N,417
S:E484K,484
S:N501Y,501
S:D614G,614
S:A701V,701
S:D80A,80
S:D215G,215
S:L242X,242
S:H245X,245
S:F318L,318
S:K417N,417
S:E484K,484
S:N501Y,501
S:D614G,614
S:A701V,701
S:L242X,242
S:H245X,245
S:K417N,417
S:E484K,484
S:N501Y,501
S:D614G,614
S:A701V,701
S:L18F,18
S:D80A,80
S:D215G,215
S:L242X,242
S:H245X,245
S:K417N,417
S:E484K,484
S:N501Y,501
S:D614G,614
S:A701V,701
S:D80A,80
S:D215G,215
S:L242X,242
S:H245X,245
S:K417N,417
S:E484K,484
S:N501Y,501
S:D614G,614
S:A701V,701
S:L18F,18
S:D80A,80
S:D215G,215
S:L242X,242
S:H245X,245
S:K417N,417
S:E484K,484
S:N501Y,501
S:D614G,614
S:A701V,701
S:D80A,80
S:D215G,215
S:L242X,242
S:H245X,245
S:K417N,417
S:E484K,484
S:N501Y,501
S:D614G,614
S:A701V,701
S:L18F,18
S:D80A,80
S:D215G,215
S:L242X,242
S:H245X,245
S:K417N,417
S:E484K,484
S:N501Y,501
S:D614G,614
S:A701V,701
S:D80A,80
S:D215G,215
S:L242X,242
S:H245X,245
S:K417N,417
S:E484K,484
S:N501Y,501
S:D614G,614
S:A701V,701
S:D80A,80
S:D215G,215
S:L242X,242
S:H245X,245
S:K417N,417
S:E484K,484
S:N501Y,501
S:D614G,614
S:A701V,701
S:D80A,80
S:D215G,215
S:L242X,242
S:H245X,245
S:K417N,417
S:E484K,484
S:N501Y,501
S:D614G,614
S:A701V,701
S:L18F,18
S:D80A,80
S:D215G,215
S:L242X,242
S:H245X,245
S:K417N,417
S:E484K,484
S:N501Y,501
S:D614G,614
S:A701V,701
S:L18F,18
S:D80A,80
S:D215G,215
S:L242X,242
S:H245X,245
S:K417N,417
S:E484K,484
S:N501Y,501
S:D614G,614
S:A701V,701
S:L18F,18
S:D80A,80
S:D215G,215
S:L242X,242
S:H245X,245
S:S316F,316
S:K417N,417
S:E484K,484
S:N501Y,501
S:D614G,614
S:A701V,701
S:L18F,18
S:D80A,80
S:D215G,215
S:L242X,242
S:H245X,245
S:K417N,417
S:E484K,484
S:N501Y,501
S:D614G,614
S:A701V,701
S:D80A,80
S:D215G,215
S:L242X,242
S:H245X,245
S:K417N,417
S:E484K,484
S:N501Y,501
S:D614G,614
S:A701V,701
S:D80A,80
S:D215G,215
S:L242X,242
S:H245X,245
S:K417N,417
S:E484K,484
S:N501Y,501
S:D614G,614
S:A701V,701
S:L18F,18
S:D80A,80
S:D215G,215
S:L242X,242
S:H245X,245
S:K417N,417
S:E484K,484
S:N501Y,501
S:D614G,614
S:A701V,701
S:D80A,80
S:D215G,215
S:L242X,242
S:H245X,245
S:K417N,417
S:E484K,484
S:N501Y,501
S:D614G,614
S:A701V,701
S:D80A,80
S:D215G,215
S:L242X,242
S:H245X,245
S:K417N,417
S:E484K,484
S:N501Y,501
S:D614G,614
S:A701V,701
S:L18F,18
S:D80A,80
S:D215G,215
S:L242X,242
S:H245X,245
S:K417N,417
S:E484K,484
S:N501Y,501
S:D614G,614
S:A701V,701
S:D80A,80
S:D215G,215
S:L242X,242
S:H245X,245
S:K417N,417
S:E484K,484
S:N501Y,501
S:D614G,614
S:A701V,701
S:D80A,80
S:D215G,215
S:L242X,242
S:H245X,245
S:K417N,417
S:E484K,484
S:N501Y,501
S:D614G,614
S:A701V,701
S:D80A,80
S:D215G,215
S:L242X,242
S:H245X,245
S:K417N,417
S:E484K,484
S:N501Y,501
S:D614G,614
S:A701V,701
S:T1117I,1117
S:D80A,80
S:D215G,215
S:L242X,242
S:H245X,245
S:K417N,417
S:E484K,484
S:N501Y,501
S:D614G,614
S:A701V,701
S:D80A,80
S:D215G,215
S:L242X,242
S:H245X,245
S:K417N,417
S:E484K,484
S:N501Y,501
S:D614G,614
S:A701V,701
S:L18F,18
S:D80A,80
S:D215G,215
S:L242X,242
S:H245X,245
S:K417N,417
S:E484K,484
S:N501Y,501
S:D614G,614
S:A701V,701
S:L18F,18
S:D80A,80
S:D215G,215
S:L242X,242
S:H245X,245
S:K417N,417
S:E484K,484
S:N501Y,501
S:D614G,614
S:A701V,701
S:L18F,18
S:D80A,80
S:D215G,215
S:L242X,242
S:H245X,245
S:K417N,417
S:E484K,484
S:N501Y,501
S:D614G,614
S:A701V,701
S:L18F,18
S:D80A,80
S:D215G,215
S:L242X,242
S:H245X,245
S:K417N,417
S:E484K,484
S:N501Y,501
S:D614G,614
S:A701V,701
S:D80A,80
S:D215G,215
S:L242X,242
S:H245X,245
S:K417N,417
S:E484K,484
S:N501Y,501
S:D614G,614
S:A701V,701
S:L18F,18
S:D80A,80
S:D215G,215
S:L242X,242
S:H245X,245
S:K417N,417
S:E484K,484
S:N501Y,501
S:D614G,614
S:A701V,701
S:D80A,80
S:D215G,215
S:L242X,242
S:H245X,245
S:K417N,417
S:E484K,484
S:N501Y,501
S:D614G,614
S:A701V,701
S:L18F,18
S:D80A,80
S:D215G,215
S:A222V,222
S:L242X,242
S:H245X,245
S:T307I,307
S:K417N,417
S:E484K,484
S:N501Y,501
S:D614G,614
S:A701V,701
S:G1219V,1219
S:L18F,18
S:D80A,80
S:D215G,215
S:L242X,242
S:H245X,245
S:K417N,417
S:E484K,484
S:N501Y,501
S:D614G,614
S:A701V,701
S:D80A,80
S:D215G,215
S:L242X,242
S:H245X,245
S:K417N,417
S:E484K,484
S:N501Y,501
S:D614G,614
S:A701V,701
S:L18F,18
S:D80A,80
S:D215G,215
S:L242X,242
S:H245X,245
S:K417N,417
S:E484K,484
S:N501Y,501
S:D614G,614
S:A701V,701
S:L18F,18
S:D80A,80
S:D215G,215
S:L242X,242
S:H245X,245
S:K417N,417
S:E484K,484
S:N501Y,501
S:D614G,614
S:A701V,701
S:D80A,80
S:D215G,215
S:L242X,242
S:H245X,245
S:K417N,417
S:E484K,484
S:N501Y,501
S:D614G,614
S:A701V,701
S:D80A,80
S:D215G,215
S:L242X,242
S:H245X,245
S:E484K,484
S:N501Y,501
S:D614G,614
S:A701V,701
S:D80A,80
S:D215G,215
S:L242X,242
S:H245X,245
S:E484K,484
S:N501Y,501
S:D614G,614
S:A701V,701
S:D80A,80
S:D215G,215
S:L242X,242
S:H245X,245
S:K417N,417
S:E484K,484
S:N501Y,501
S:D614G,614
S:A701V,701
S:A1078V,1078
S:D80A,80
S:D215G,215
S:L242X,242
S:H245X,245
S:K417N,417
S:E484K,484
S:N501Y,501
S:D614G,614
S:A701V,701
S:A1078V,1078
S:L18F,18
S:D80A,80
S:D215G,215
S:L242X,242
S:H245X,245
S:K417N,417
S:E484K,484
S:N501Y,501
S:D614G,614
S:A701V,701
S:D80A,80
S:D215G,215
S:L242X,242
S:H245X,245
S:P384L,384
S:K417N,417
S:E484K,484
S:N501Y,501
S:D614G,614
S:A701V,701
S:L18F,18
S:D80A,80
S:D215G,215
S:L242X,242
S:H245X,245
S:K417N,417
S:E484K,484
S:N501Y,501
S:D614G,614
S:A701V,701
S:D80A,80
S:D215G,215
S:L242X,242
S:H245X,245
S:K417N,417
S:E484K,484
S:N501Y,501
S:D614G,614
S:A701V,701
S:D80A,80
S:D215G,215
S:L242X,242
S:H245X,245
S:P384L,384
S:K417N,417
S:E484K,484
S:N501Y,501
S:D614G,614
S:A701V,701
S:D80A,80
S:D215G,215
S:L242X,242
S:H245X,245
S:K417N,417
S:E484K,484
S:N501Y,501
S:D614G,614
S:A701V,701
S:L18F,18
S:D80A,80
S:D215G,215
S:L242X,242
S:H245X,245
S:E298K,298
S:K417N,417
S:E484K,484
S:N501Y,501
S:D614G,614
S:A701V,701
S:D80A,80
S:D215G,215
S:L242X,242
S:H245X,245
S:K417N,417
S:E484K,484
S:N501Y,501
S:D614G,614
S:A701V,701
S:D80A,80
S:L242X,242
S:H245X,245
S:K417N,417
S:E484K,484
S:N501Y,501
S:D614G,614
S:A701V,701
S:D215H,215
S:L242X,242
S:H245X,245
S:K417N,417
S:E484K,484
S:N501Y,501
S:D614G,614
S:A701V,701
S:D80A,80
S:D215G,215
S:L242X,242
S:H245X,245
S:K417N,417
S:E484K,484
S:N501Y,501
S:D614G,614
S:A701V,701
